Admin Andrea,Andrea1006
Admin Brad,Brad1007
Admin Bianca,Bianca1003
Admin Roderick,Roderick1010
Admin Anthony,Anthony1011
Admin Christian,Christian1016
Admin Selena,Selena1017